manufacturer_id,nm_manufacturer,country
1329,Andalucía S.A.S.,Colombia
4838,Flores de los Andes S.A.S,Colombia
5573,GYPSO,Ecuador
9266,Flores Equinocciales S.A.,Ecuador
12491,ECUATORIAN FLOWER GRUNKO CIA. LTDA.,Ecuador
13517,Artropica,Colombia
32858,Joygardens,Ecuador
37613,EMIHANA CIA. LTDA.,Ecuador
42623,C.I Flores de Aposentos,Colombia
42632,La Gaitana Farms S.A.S.,Colombia
51548,FLOR ETERNA SISA HUINAI S.A.,Ecuador
51574,Flores Silvestres S.A.,Colombia
51746,DENMAR S.A.,Ecuador
54024,Nevado Ecuador SA,Ecuador
54403,HOSA S.A.,Colombia
54425,Jaroma Roses S.A.,Colombia
57213,Bicco Farms S.A.S.,Colombia
57338,C.I. Sunshine Bouquet S.A.S.,Colombia
57344,Inversiones Ponte Tresa S.A.,Ecuador
57345,Rosas del Monte Rosemonte S.A.,Ecuador
57346,FLORES ECUATORIANAS DE CALIDAD FLORECAL S.A.,Ecuador
57347,Agroflora,Ecuador
57348,FLORÍCOLA SAN ISIDRO LABRADOR FLORSANI CÍA. LTDA,Ecuador
57349,UTOPIA FARMS SAS - ESMERALDA SUN,Ecuador
57350,UTOPIA FARMS SAS - LA TOLITA,Ecuador
57351,UTOPIA FARMS SAS - LA MORA,Ecuador
57352,UTOPIA FARMS SAS - EL CHIVAN,Ecuador
57353,Mystic Flowers S.A.,Ecuador
57354,PICASSOROSES CIA. LTDA.,Ecuador
57356,PRODUCNORTE S.A.,Ecuador
57357,Qualisa Roses,Ecuador
57360,SISAPAMBA ROSAS Y ROSAS S.C.C.,Ecuador
57361,Agrinag S.A.,Ecuador
57362,AGRIROSE AGRICOLA EL ROSARIO CIA. LTDA.,Ecuador
57363,"AGROCOEX S.A., AGROPROMOTORA DEL COTOPAXI",Ecuador
57365,Ceres Farms cia ltd.,Ecuador
57366,Dali Roses Growerfarms,Ecuador
57372,Agrivaldani S.A.,Ecuador
57373,FLORES DEL COTOPAXI S.A.,Ecuador
57377,PLANTACIONES EL TREBOL PLANTREB CIA. LTDA.,Ecuador
57379,NARANJO ROSES ECUADOR S.A.,Ecuador
57383,FLORICULTURA JOSARFLOR S.A.,Ecuador
57384,Agroganadera Espinosa Chiriboga S.A.,Ecuador
57389,NATUFLOR S.A.,Ecuador
57391,JARDINES PIAVERI,Ecuador
57396,"ECUANROS S.A., ECUADORIAN NEW ROSES",Ecuador
57407,Floraroma,Ecuador
57419,Los Aromas Farms,Colombia
57426,ARCOFLOR FLORES ARCOIRIS S.A.,Ecuador
57432,CANANVALLEY FLOWERS S.A.,Ecuador
57444,KIARA FLOWERS,Ecuador
57448,Ecoroses S.A.,Ecuador
57451,Albra Roses,Ecuador
57468,C.I. Flores de Funza S.A.S.,Colombia
57514,VALLE VERDE,Ecuador
57517,STAMPSYBOX CÍA. LTDA.,Ecuador
57518,Anniroses (Natbeauty S.A),Ecuador
57519,AAASACORPORATION S.A.,Ecuador
57521,BELLAROSA BELLARO S.A.,Ecuador
57522,FLORICOLA LA ROSALEDA S.A.,Ecuador
57523,GLAMOUR,Ecuador
57524,Agroterranorte,Ecuador
57525,FLORIFRUT FLORES Y FRUTAS S.A.,Ecuador
57526,Azulina flowers,Colombia
57527,Fanshore international Ltd.,Colombia
57528,FLORES DE LA COLINA FLODECOL S.A.,Ecuador
57529,Flores de Tenjo,Colombia
57530,FLOWER VILLAGE CIA. LTDA.,Ecuador
57531,Hannah Gardens,Ecuador
57533,Flores LATITUD CERO S.A.,Ecuador
57534,VALLEFLOR FLORES DEL VALLE CIA. LTDA.,Ecuador
57535,Matiz Roses,Ecuador
57536,Monterosas Farms,Ecuador
57537,Roma Verde S.A.,Ecuador
57538,ROSE CONNECTION ROSECON CIA. LTDA.,Ecuador
57539,ROSAMINA S.A,Colombia
57541,COLIBRI FLOWERS.S.A,Colombia
57545,E.Q.R EQUATOROSES C.A.,Ecuador
57546,FLORES VERDES S.A. FLORDES,Ecuador
57551,Cantiza,Ecuador
57552,Agrícola Circasia S.A.S,Colombia
57554,NEGRETE STAR ROSES,Ecuador
57559,NINTANGA S.A.,Ecuador
57728,Napy,Colombia
57744,Agrícola El Cactus,Colombia
57745,Agroindustrial Don Eusebio,Colombia
57746,Agrícola El Redil S.A.S.,Colombia
57750,Alexandra Farms,Colombia
57751,Flores Sagaró,Colombia
57752,Flores El Capiro,Colombia
57753,Mongibello,Colombia
57754,Red de empresas GRCHIA,Colombia
57755,Excellence Flowers Ltda,Colombia
57756,C.I. Agromonte S.A.,Colombia
57757,Ayurá S.A.S,Colombia
57758,C.I. Maxiflores Ltda,Colombia
57759,C.I. Flores de la Vega - Grupo Vegaflor,Colombia
57767,Elite Flower Farmers,Colombia
57778,Wayuu Flowers,Colombia
57779,San Valentino S.A.S.,Colombia
57813,Flores Milonga,Colombia
57817,C.I. ZION FLOWERS S.A.S. - Finca San Miguel,Colombia
57873,Hojaverde CIA. LTDA,Ecuador
57876,Roses and Roses,Ecuador
57879,FLORMARE S.A.,Ecuador
58016,AGRICOLA CUNDAY S.A. EN REORGANIZACION,Colombia
58052,Compañía Agropromotora del Cotopaxi,Ecuador
58088,Luisiana Farms SAS,Colombia
58116,LA HACIENDA,Colombia
58221,Jardines de los Andes S.A.S.,Colombia
58222,Mercedes S.A.,Colombia
58224,NAYRE FLOWERS COLOMBIA SAS,Colombia
58225,Flores de la Campiña S.A. - Finca La Campiña,Colombia
58228,FLORES TIBA SA - FINCA TIBITAMA,Colombia
58229,FLORES SAN JUAN S.A,Colombia
58230,Pétalos San Antonio S.A.S.,Colombia
58235,PRODUCTORES MUNICIPIO DE ENVIGADO,Colombia
58237,Rosas del Neusa S.A.,Colombia
58238,Rosas de Sopo S.A.,Colombia
58265,Bouquets Mixtos y CIA S.A C.I.,Colombia
58266,Finca Flores del Lago - Flores del Lago S.A.S. C.I.,Colombia
58267,Finca El Refugio,Colombia
58268,Finca Guamito 2-Guamito S.A.S,Colombia
58269,Fincas Guaymaral Guensuca,Colombia
58270,Finca Las Palmas y Palermo - Inverpalmas S.A.S.,Colombia
58271,C.I. Falcon Farms de Colombia S.A.,Colombia
58272,C.I. Calla Farms S.A.S.,Colombia
58274,Cultivos Spring S.A.S.,Colombia
58314,C.I. FLORES DE ALTAGRACIA S.A.S.,Colombia
58331,C.I. Cultivos Miramonte S.A.,Colombia
58332,Propagar Plantas,Colombia
58333,TAHAMI & CULTIFLORES S.A.,Colombia
58429,True Flowers SAS,Colombia
58443,Agroexpotaciones de Colombia SAS,Colombia
58447,Agropecuaria La Laguna,Colombia
58462,Ecoflower SAS,Colombia
58478,La Rosa De La Alegria,Ecuador
58481,Flor Encanto,Ecuador
58487,Alpa Roses,Ecuador
58494,C.I. Andean Fields SAS,Colombia
58505,Rumhora S.A.,Colombia
58506,Agroindustria Colombia Verde SAS,Colombia
58507,Fantasy Flowers S.A.S.,Colombia
58524,Greenex,Colombia
58552,CI Floral Distributors & Services S.A.S GRUPO TK7,Colombia
58561,C.I. Global Exchange,Colombia
58578,GARDAEXPORT S.A.,Ecuador
58579,FLORICOLA LA HERRADURA S.A.,Ecuador
58580,FLORISOL,Ecuador
58582,SANBEL FLOWERS CÍA. LTDA.,Ecuador
58584,AGRITAB AGRICOLA TABACUNDO CIA. LTDA.,Ecuador
58585,AGROSERVICIOS ANDINOS CAMACHO S.A.,Ecuador
58586,ARBUSTA CIA. LTDA.,Ecuador
58587,Agricola San Andres del Chaupi SA,Ecuador
58588,"AGRIFEG S.A. ""ANNE FLOWERS""",Ecuador
58589,AZAYA GARDENS CIA. LTDA.,Ecuador
58590,FLORELOY S.A.,Ecuador
58591,FLORES SANTA MONICA ÑANTA CIA. LTDA.,Ecuador
58592,FIORENTINA FLOWERS S.A.,Ecuador
58613,DREAM FARMS CIA. LTDA.,Ecuador
58641,DAVINCIROSES EXPORTACIONES CÍA. LTDA.,Ecuador
58642,FLORANATION PRODUCTORES DE FLORES,Ecuador
58644,C.I. FLORES COLON LTDA.,Colombia
58661,FINCA FLORENCANTO CIA. LTDA. FINENFLOR,Ecuador
58667,Arvi farms,Colombia
58674,SPRING ROSES,Ecuador
58675,FLORES DEL SUR FLORESUR CIA. LTDA.,Ecuador
58683,FLORES LA ALEGRÍA ALEFLOWERS CIA. LTDA.,Ecuador
58684,EDENROSES CIA. LTDA.,Ecuador
58685,ROSAPRIMA CIA. LTDA.,Ecuador
58686,ROSADEX CIA. LTDA.,Ecuador
58687,PLANTACIONES MALIMA CIA. LTDA.,Ecuador
58688,ROSAS DEL COTOPAXI CIA. LTDA. NATIVE BLOOMS,Ecuador
58689,HISPANOROSES CIA. LTDA.,Ecuador
58690,GENEROS ECUATORIANOS ECUAGENERA CIA. LTDA.,Ecuador
58691,INROSES S.A. I,Ecuador
58692,ROSAS DE PERUGACHI ROSASPE S.A.,Ecuador
58693,ROYALFLOWERS S.A.,Ecuador
58694,SANDE ECUADOR CIA. LTDA.,Ecuador
58700,HACIENDA SANTA FE FESAHA CIA. LTDA.,Ecuador
58701,JARDINES DE CAYAMBE CIA. LTDA.,Ecuador
58702,HILSEA INVESTMENTS,Ecuador
58704,TEXAS FLOWERS S.A.,Ecuador
58722,GROWFLOWERS PRODUCCIONES S.A.,Ecuador
58723,QUITO INOR FLOWERS TRADE CIA. LTDA.,Ecuador
58724,CAMPO Y TECNOLOGIA CAMPTEC S.C.C,Ecuador
58865,GUANGUILQUI AGROPECUARIA INDUSTRIAL S.A. GUAISA,Ecuador
58866,Flores Aurora S.A.S.,Colombia
58990,FEGACON CIA. LTDA.,Ecuador
58992,ALTA SIERRA,Ecuador
59231,Flores de Oriente S.A. C.I. - Oriente 1 (Lote 1) y Oriente 2 (Lote 2),Colombia
59266,MAJOR FARM DIRECT S.A.S.,Colombia
59294,Nardus S.A.,Colombia
59298,Florandina,Colombia
59309,Plazoleta Bazzani SAS,Colombia
59369,YASA S.A.S.,Colombia
59371,FLORES LA JULIANA S.A. JULFLORSA,Ecuador
59458,Proteas Andinas de Colombia SAS,Colombia
59525,Rosas de Aguaclara S.A.S,Colombia
59531,Matina Flowers SAS (Zelecta Trading),Colombia
59570,Sachaflor,Ecuador
59571,PACIFIC SUN,Ecuador
59573,JENNY FLOWERS,Colombia
59581,Magic Flowers,Ecuador
59582,Agrinag S.A.,Ecuador
59583,Unique Collection Ecuador,Ecuador
59584,AMERICAN FLOWERS MEDELLIN,Colombia
59585,UNIQUE COLOMBIA S.A.,Colombia
59586,Clarivel Cia Ltda,Ecuador
59587,Agrinag S.A.,Ecuador
59588,C.I. Flexport de Colombia S.A.S.,Colombia
59589,C.I. Agrícola Cardenal S.A.S.,Colombia
59590,C.I. Flores del Río S.A.S.,Colombia
59595,C.I. Ornamentales De Colombia S.A.,Colombia
59605,Profile Flowers Inc.,Ecuador
59620,FOLLAJES LA ILUSION S.A.S.,Colombia
59659,Flores Esmeralda S.A.S C.I,Colombia
59664,CULTIVOS MANZANARES S.A.S,Colombia
59714,Inversiones Yakaren S A S,Colombia
59715,FLOWER COLORS S A S,Colombia
59729,Amaflor,Ecuador
59735,JET FRESH FLOWERS,Ecuador
59888,Turflor S.A.S,Colombia
59961,Floricola Attaroses Cia. Ltda.,Ecuador
59998,Agroterranorte xx,Ecuador
60100,Evergreen,Ecuador
60102,Rosas del Corazon,Ecuador
60144,Ecoflor Groupe Chilli,Ecuador
60219,Allegrofarms Allflowers Cia Ltda.,Ecuador
60290,Novelfarmss S.A.S.,Ecuador
60292,Comercializadora AMN Almanti,Ecuador
60391,Flores el Pandero,Colombia
60393,Finca Ecuagarden,Ecuador
60394,Singing Flowers,Ecuador
60395,Miracle Garden,Ecuador
60444,Darwin Colombia SAS,Colombia
60540,Flores de Serrezuela,Colombia
60541,Andrea Roses by Floralstar,Ecuador
60542,Flores Prisma,Colombia
60543,Rosas Tesalia,Colombia
60544,Flores El Progreso SAS,Colombia
60545,Much Flowers,Ecuador
60546,Rose Success,Ecuador
60547,Life Flowers,Ecuador
60548,Flores La Conejera: Finca San Juan del Camino Antigua,Colombia
60549,Saga Flowers,Colombia
60550,Gambur Flowers,Colombia
60551,Milanflor,Ecuador
60552,Prestige Roses,Colombia
60553,The Farm Direct,Colombia
60554,Valems Flowers,Ecuador
60555,Cultivos Sayonara,Colombia
60556,Nikita Flowers,Ecuador
60557,Muradian Roses,Ecuador
60558,Rosesland Farm,Ecuador
60559,Latina Farms,Ecuador
60560,Sanima Rosesland,Ecuador
60561,Aluna Flowers: Finca Las Casas,Colombia
60562,Terra Pacific,Ecuador
60563,Sky Garden,Ecuador
60568,Terranostra Farm,Ecuador
60588,Vuelven SAS,Colombia
60649,Positano Farms S.A.S.,Ecuador
60666,Inversiones Rio Rahue TDA.,Ecuador
60773,Pacific Bouquets,Ecuador
60863,Santa Helena Flowers SAS,Colombia
60917,Adara Roses S.A.,Ecuador
60918,Agricola El Chaupi Agrochaupi,Ecuador
60919,Alis Roses,Ecuador
60920,Foreverflor,Ecuador
60921,M&J Flowers,Ecuador
60922,Marilyn Roses,Ecuador
60923,Piangoflor,Ecuador
60924,Violeta Flowers,Ecuador
60925,Olimpo Flowers,Ecuador
60926,San Antonio Colours (Daissy Flores),Ecuador
60927,El Retiro,Colombia
60928,Las Lomitas,Colombia
60983,ALTOS DE LA MIRA S.A.S,Colombia
60984,ANEMOS S.A.S,Colombia
60986,ARTFLOR SAS,Colombia
60987,BEAUTY SISA,Ecuador
60988,BGONIMA FLOWERS,Colombia
60989,BLACKRIVER FLOWER S.A.S CI,Colombia
60990,Bosqueflowers,Ecuador
60991,BOUTIQUE FLOWERS,Ecuador
60992,BOYACA FLOWERS SAS,Colombia
60993,C.I. AGRI RAINBOW SAS,Colombia
60994,C.I. FLORES DE LA GALICIA S. A,Colombia
60995,C.I. FLORES DE LA VICTORIA SAS,Colombia
60996,C.I. SAN JOSE FARMS LTDA.,Colombia
60997,CAICAS FLOWERS SAS,Colombia
60999,CASUPA,Colombia
61000,CHIHISAWIS TUTWABA SAS,Colombia
61001,CI BONDI TRADERS,Colombia
61002,CI CULTIVOS SAN ISIDRO SAS,Colombia
61003,CI FLORES CARMEL SAS,Colombia
61004,CONDOR ANDINO SAS,Colombia
61005,COSMOFLOWER SAS,Colombia
61006,CULTIFLORA DE COLOMBIA SAS,Colombia
61007,CULTIVO LAS NUBES,Colombia
61008,Dapasos Flowers,Colombia
61009,DIEGO JAVIER DEL POZO ANDRADE,Ecuador
61010,DIMENTION FLOWERS,Ecuador
61012,El Milagro,Colombia
61015,EXPRESS FARM SAS,Colombia
61016,FAIRIS GARDEN,Ecuador
61017,FARIN ROSES,Ecuador
61018,FLOR ANDINA,Colombia
61019,FLOR MAYTE FLOWERS,Ecuador
61021,FLORAL CHAIN GROUP CORP.,Ecuador
61022,FLORES DE OTONO SAS,Colombia
61023,FLORES GUAICATA LIMITADA,Colombia
61024,FLORES JUNCALITO SAS,Colombia
61025,Floricola I rose,Ecuador
61026,FLORICOLA PALATUFLOWERS SA,Ecuador
61027,Floricola San Luis,Ecuador
61028,DBA FLORIGENE,Colombia
61031,GALAPAGOS FLORES,Ecuador
61034,Flores La Conchita,Colombia
61035,GREEN STAR FARMS,Ecuador
61037,INVERSIONES JACARANDA S.A.S,Colombia
61038,JHESSIA FLOWERS,Ecuador
61039,LA CLEMENTINA,Ecuador
61040,LATIN FLOWERS,Colombia
61042,MANAURE FLOWERS SAS,Colombia
61043,Megaflor Cayambe,Ecuador
61045,MILAGROSA FLOWERS,Colombia
61047,MONIKA FARMS S.A.S,Colombia
61048,MUCHFLOWERS,Ecuador
61051,NOVELTY AND FLOWERS SAS,Colombia
61052,ONE MILLION STEMS,Ecuador
61053,PHYTOTEC SAS,Colombia
61056,RIONEGRO,Colombia
61057,ROMANCE FLOWERS,Ecuador
61061,SKY FLOWERS SAS,Colombia
61063,SOUTHERN BLOOMS,Ecuador
61064,STAR GREEN,Ecuador
61065,STARFLOWERS CIA LTDA,Ecuador
61067,SUNSET VALLEY SAS,Colombia
61071,VARAGA FARMS S.A.S,Colombia
61072,VIOLETA FLOWERS AND FARMS,Ecuador
61074,YASUFLOR,Ecuador
61075,CULTIVOS OLIVARES S.A.,Colombia
61076,FLORCO,Colombia
61078,GUARAQUI,Ecuador
61079,GUTIMILKO,Colombia
61080,M & E FLOWERS SAS,Colombia
61081,MADAMME ROSES S.A.S.,Colombia
61082,PIANGOFLOR,Ecuador
61083,ROLAND FLOR,Ecuador
61086,Victoria's Garden,Ecuador
61087,FLORISING COMMERCIAL & LOGISTI,Colombia
61088,HONEY ROSAS,Ecuador
61127,C.I. Jardines de los Andes,Colombia
61137,Exxide S.A.,Ecuador
61158,Ball Colombia,Colombia
61159,GUIRNALDAS/INNOVAFLORA S.A.S.,Colombia
61210,Borja Flowers,Colombia
61211,Cultivos del Norte S.A.S.,Colombia
61212,Flores Timana,Colombia
61213,Flores de Tumbabiro,Ecuador
61214,Khad Roses,Ecuador
61215,Shaddai Roses,Ecuador
61216,Valdesol,Ecuador
61217,Varen Flowers,Ecuador
61218,Moposa Flowers,Ecuador
61219,Narcsisa Flowers,Ecuador
61220,RB Flowers,Ecuador
61221,Fer Flowers,Ecuador
61222,Kaizen,Ecuador
61223,Magus Roses,Ecuador
61224,Mayerly Flowers,Ecuador
61225,Mercy Roses,Ecuador
61226,San Alfonso Roses,Ecuador
61227,Santa Clara,Ecuador
61228,Sky Valley,Ecuador
61229,ZC Roses,Ecuador
61230,Santino Flowers,Ecuador
61231,Snowy Flowers,Ecuador
61272,FloGreen Ecuador,Ecuador
61286,SCHREURS ECUADOR CIA LTDA,Ecuador
61287,Platonoff Roses,Ecuador
61289,Manzanares,Colombia
61303,FALCON FARMS DE COLOMBIA S.A.,Colombia
61367,Alisroses,Ecuador
61368,Flores Luna Nueva SAS,Colombia
61370,Solera Farms S.A.S.,Ecuador
61385,INVERSIONES DOSIL S.A.S,Colombia
61389,Teucali Flowers S.A,Colombia
61390,AMBAR FLOWERS,Ecuador
61393,CULTIVIOS MANZANARES,Colombia
61394,DAMAGRO FARMS,Ecuador
61395,ENDLESS SPRING,Ecuador
61396,FLORECOT,Ecuador
61397,Florequisa S.A.,Ecuador
61398,FLORES GUADALUPE LTDA,Colombia
61400,GREENFOREVER SAS,Ecuador
61401,GREENROSE,Ecuador
61404,HIGH GARDEN,Ecuador
61406,INCA FLOWERS,Ecuador
61408,JORDAN FARMS,Colombia
61409,LUXURY GARDENS BY RDC,Ecuador
61410,MAGNIFICAST,Ecuador
61411,MILROSE S.A,Ecuador
61412,NEUMANN,Ecuador
61414,PAMPA DEL RIO,Ecuador
61417,PROTEAS DE LA SABANA,Colombia
61419,SPLENDOR FARMS,Colombia
61421,BETEL FLOWERS,Ecuador
61422,BIOQUIRAMA SAS,Colombia
61424,FLORANROSA S.A.,Ecuador
61425,INVERSIONES DOSIL,Colombia
61427,TORDOTRADECORP,Ecuador
61428,VIVA FLOWERS SAS,Colombia
61458,MIRIAM FLOWERS S.A.S,Ecuador
61460,PYGANFLOR,Ecuador
61461,BTF FLOWERS,Ecuador
61462,FLORES DE LA GALICIA S.A.S,Colombia
61463,CAMPOS DE AROMA,Ecuador
61464,AGRIVALDANI S.A.S,Ecuador
61488,Ecuadorian Soul,Ecuador
61489,Olya Farms S.A.,Ecuador
61490,PROTEASSOLANDINO S.A.,Ecuador
61499,Santa Dorothea,Colombia
61504,Floricentra del Ecuador,Ecuador
61505,Flor Encanto,Ecuador
61506,San Emiliano,Ecuador
61507,Flores La Alegría,Ecuador
61508,Epic Farm,Ecuador
61509,Myrtis Farms,Ecuador
61510,LaVictoria,Ecuador
61511,Flores Latitud Cero,Ecuador
61563,Luisa Farms,Colombia
61564,Flores Isabelita,Colombia
61565,Flores La Virginia,Colombia
61566,Flores El Aljibe S.A.S.,Colombia
61567,Jardines de Chia S.A.S.,Colombia
61568,Flores El Cipres S.A.S.,Colombia
61569,Cultivos generales S.A.S.,Colombia
61570,Cultivos La Planicie S.A.S.,Colombia
61571,Flores de Bojacá S.A.S.,Colombia
61572,Florval S.A.S.,Colombia
61573,Flores El Hato S.A.S.,Colombia
61574,Jardines del Portal S.A.S.,Colombia
61575,Flores Las Acacias S.A.S.,Colombia
61576,Flores La Mana S.A.S.,Colombia
61577,MG Consultores S.A.S.,Colombia
61578,Melody Flowers S.A.S.,Colombia
61579,Mountain Roses S.A.S.,Colombia
61580,Quality Flowers S.A.S.,Colombia
61581,Cultivos Casablanca S.A.S.,Colombia
61582,Agroindustrias del Riofrio S.A.S.,Colombia
61583,Pardo Carrizoza Navas S.A.S.,Colombia
61584,SNF S.A.S.,Colombia
61585,Flores El Tandil S.A.S.,Colombia
61586,Flores El Trigal S.A.S.,Colombia
61587,Flores Ubaté S.A.S.,Colombia
61588,Follajes de Campo Alegre S.A.S.,Colombia
61589,Jardínes de la Cuesta S.A.S.,Colombia
61590,Jardines del Sol S.A.S.,Colombia
61591,Jardines de San Nicolás S.A.S.,Colombia
61599,C.I. San Francisco Garden S.A.S.,Colombia
61603,Flores el Picacho SAS,Colombia
61604,Flores Samarcanda SAS,Colombia
61605,GEOFLORA S.A.S,Colombia
61606,Montecarlo Gardens,Colombia
61611,Santillan Borja Raul Fernando,Ecuador
61613,GREENGROWERS S.A.S.,Ecuador
61616,C.I. Fillco Flowers SAS,Colombia
61620,Flores El Capiro,Colombia
61643,Deliflor Americas,Colombia
61661,"Proyecto Highland Blossoms, S.A.",Ecuador
61662,"Floricola Bloomingacres, S.A.",Ecuador
61663,"Volcano Gardens Plantaciones, S.A.",Ecuador
61699,Anniroses S.A,Ecuador
61700,Anthemon (Braulio Ivan Enriquez),Ecuador
61701,Bruma Botanics S.A.S,Ecuador
61703,Coop Farm,Ecuador
61704,Tavola International,Ecuador
61705,Cultivos del Norte,Colombia
61709,Starrose,Ecuador
61711,Andreanroses,Ecuador
61770,Floricola Tierra Verde Cia Ltda.,Ecuador
61771,Everbloom Roses Ecuador,Ecuador
61772,Flores de la Hacienda,Ecuador
61773,Benchmark Growers S.A.S.,Colombia
61774,Floricola Altascumbres C.L.,Ecuador
61780,Condor Andino Sas,Colombia
61781,El Zorro,Colombia
61782,Esperance Roses,Colombia
61783,Flores Sabanilla,Colombia
61784,Harmony Flowers,Colombia
61785,Latin Flowers Farms,Colombia
61786,Lolita Flores,Colombia
61787,Natural Farms,Colombia
61788,Royal Gardens,Colombia
61789,Amankay Farms,Ecuador
61790,Ariadne Flowers,Ecuador
61791,Crislen Roses,Ecuador
61792,Dear Roses,Ecuador
61793,Flor Julian,Ecuador
61794,Flores de la Hacienda,Ecuador
61795,Flores Rosee,Ecuador
61796,GoldenLand,Ecuador
61797,Jardines De Bolivar,Ecuador
61798,Loja Farms,Ecuador
61799,Megaflor,Ecuador
61800,Muru Flowers,Ecuador
61801,Myl Blooms Garden,Ecuador
61802,Only Stock,Ecuador
61803,Paradise Roses,Ecuador
61804,Sofi Farms Sas,Ecuador
61806,Flores Kikuyal,Colombia
61807,Ikebana,Colombia
61808,Alinatura SA,Ecuador
61809,Belen's Company Roses,Ecuador
61810,Discover Ecuador Sas,Ecuador
61811,Dreamer Farms,Ecuador
61812,Edana Floralba,Ecuador
61813,Golden Stems,Ecuador
61814,Infinity Roses,Ecuador
61815,La Alborada,Ecuador
61816,Latinflowers Cia Ltda,Ecuador
61817,Mulrosas,Ecuador
61818,Quimbiamba M Flowers,Ecuador
61819,San Jorge,Ecuador
61820,SaniRoses,Ecuador
61821,Susi Flowers,Ecuador
61822,Mago Flowers,Ecuador
61887,Flores del Este,Colombia
61888,Utopia Farms UTF S.A.S. -Sta. Martha,Ecuador
61918,Dimehk Business Y Shiping Corporation - Ecopacha,Ecuador
61919,Valleverde - Farms S.A.S.,Ecuador
61924,Flores La Union,Ecuador
61925,SAPPHIREROSES S.A.,Ecuador
61931,Lomcen S.C.,Ecuador
61961,Flores de Pueblo Viejo S.A.S,Colombia
61969,Flores de la Villa,Colombia
61970,La Montaña,Colombia
61971,Plantas Kumanday,Colombia
61972,Surandina de Flores,Colombia
61973,Tone Flowers,Colombia
61974,Villa Rose,Colombia
61975,Plantas La Victoria,Colombia
61976,Andy Jhois Flowers,Ecuador
61977,Bloomec Ecuador,Ecuador
61978,Floramar,Ecuador
61979,High Connection,Ecuador
61980,Royalty-Flowers SA,Ecuador
61981,Santa Clara Gardens,Ecuador
61982,Domenica Flowers,Ecuador
61987,Flores El Rebaño S.A.S.,Colombia
61994,LIWI FLOR ETERNA SAS,Colombia
62021,Flores de Britania,Colombia
62022,Fleuro S.A. Fleurosa,Ecuador
62035,Fiori Colombia S.A.S.,Colombia
62049,Joseth & Maximiliam Flowers S.A.,Ecuador
62050,Dulces Rosas - Calipso,Ecuador
62051,Rosemirovich Roses Cia. Ltda,Ecuador
62098,Holex Ecuador S.A.S.,Ecuador
62112,Rosesuccess Cia Ltda,Ecuador
62119,Ecofillers,Colombia
62120,Alison Flowers,Ecuador
62121,Anthonela Farms,Ecuador
62122,Birth of Roses,Ecuador
62123,Blum Expression,Ecuador
62124,DJ Flowers,Ecuador
62125,Frama Flowers,Ecuador
62126,Infinity Love,Ecuador
62127,Kaymin Corp,Ecuador
62128,Petrona Flowers,Ecuador
62129,Rose Sensation Farm,Ecuador
62130,Supreme Flor,Ecuador
62138,FLORES DE LA HACIENDA SAS,Colombia
62162,Sociedad Civil y Comercial Carolina Gardens,Ecuador
62163,Florícola León Roses (Carlos Bolívar Herrera Pozo),Ecuador
62164,Florícola Jardín del Norte Jardinorec Cia. Ltda.,Ecuador
62169,Exportadora de Flores Expoflor Cia Ltda,Ecuador
62170,Oasisflower S.A.S.,Ecuador
62171,Amazingroses Cia Ltda,Ecuador
62172,Buitron Mantilla Paul Enrique,Ecuador
62173,Suasuque S.A.S.,Colombia
62178,SB Talee S.A.S.,Colombia
62195,"Roseland Farm, S.A.",Ecuador
62206,Presh Tech,Colombia
62207,Ornamentales de Colombia SAS,Colombia
62208,The Green Genie,Colombia
62209,Varietta,Colombia
62210,Altas Cumbres,Ecuador
62211,Collas Flowers,Ecuador
62212,Dimaflora Export,Ecuador
62213,Herrera Farms,Ecuador
62214,Kamylas Flowers,Ecuador
62216,Lucy Roses,Ecuador
62217,Luxus Blumen,Ecuador
62218,Merizalde & Ramirez,Ecuador
62219,Mirandanos Flowers,Ecuador
62220,Optimum Flowers,Ecuador
62221,Spring Farms,Ecuador
62222,Zveti Flowers,Ecuador
62224,Green Star Farms,Ecuador
